corso_codice,annoaccademico,immatricolabile,corso_descrizione,url,campus,sededidattica,ambiti,tipologia,durata,internazionale,internazionale_titolo,internazionale_lingua,lingue,accesso
659,2018/2019,False,Giurisprudenza,http://www.unibo.it/it/didattica/corsi-di-studio/corso/2018/0659,Bologna,Bologna,Giurisprudenza,Laurea Magistrale a ciclo unico,5,False,,,Italiano,libero accesso con verifica delle conoscenze
660,2018/2019,False,Giurisprudenza,http://www.unibo.it/it/didattica/corsi-di-studio/corso/2018/0660,Ravenna,Ravenna,Giurisprudenza,Laurea Magistrale a ciclo unico,5,False,,,Italiano,libero accesso con verifica delle conoscenze
881,2018/2019,True,Architettura,http://www.unibo.it/it/didattica/corsi-di-studio/corso/2018/0881,Cesena,Cesena,Ingegneria e architettura,Laurea Magistrale a ciclo unico,5,False,,,Italiano,numero chiuso
884,2018/2019,True,Chimica industriale,http://www.unibo.it/it/didattica/corsi-di-studio/corso/2018/0884,Bologna,Bologna,Scienze,Laurea Magistrale,2,True,Titolo multiplo (solo alcuni curricula),,Italiano,libero accesso con verifica dell'adeguatezza della preparazione
897,2018/2019,True,Direzione aziendale,http://www.unibo.it/it/didattica/corsi-di-studio/corso/2018/0897,Bologna,Bologna,Economia e management,Laurea Magistrale,2,True,,Erogato in lingua straniera (solo alcuni curricula),Italiano Inglese,numero chiuso
900,2018/2019,True,Economia e professione,http://www.unibo.it/it/didattica/corsi-di-studio/corso/2018/0900,Bologna,Bologna,Economia e management,Laurea Magistrale,2,False,,,Italiano,numero chiuso
901,2018/2019,True,"Finanza, intermediari e mercati",http://www.unibo.it/it/didattica/corsi-di-studio/corso/2018/0901,Bologna,Bologna,Economia e management,Laurea Magistrale,2,False,,,Italiano,numero chiuso
902,2018/2019,True,Innovation and organization of culture and the arts,http://www.unibo.it/it/didattica/corsi-di-studio/corso/2018/0902,Bologna,Bologna,Economia e management,Laurea Magistrale,2,True,Titolo multiplo,Erogato in lingua straniera,Inglese,numero chiuso
905,2018/2019,True,Economia e commercio,http://www.unibo.it/it/didattica/corsi-di-studio/corso/2018/0905,ForlÃ¬,ForlÃ¬,Economia e management,Laurea Magistrale,2,True,Titolo multiplo,,Italiano,libero accesso con verifica dell'adeguatezza della preparazione
915,2018/2019,False,Consulente del lavoro e delle relazioni aziendali,http://www.unibo.it/it/didattica/corsi-di-studio/corso/2018/0915,Bologna,Bologna,Giurisprudenza,Laurea,3,False,,,Italiano,libero accesso con verifica delle conoscenze
916,2018/2019,False,Giurista d'impresa e delle amministrazioni pubbliche,http://www.unibo.it/it/didattica/corsi-di-studio/corso/2018/0916,Ravenna,Ravenna,Giurisprudenza,Laurea,3,False,,,Italiano,libero accesso con verifica delle conoscenze
920,2018/2019,False,Ingegneria dell'automazione,http://www.unibo.it/it/didattica/corsi-di-studio/corso/2018/0920,Bologna,Bologna,Ingegneria e architettura,Laurea,3,False,,,Italiano,numero chiuso
923,2018/2019,True,Ingegneria elettronica e telecomunicazioni,http://www.unibo.it/it/didattica/corsi-di-studio/corso/2018/0923,Bologna,Bologna,Ingegneria e architettura,Laurea,3,False,,,Italiano,numero chiuso
924,2018/2019,True,Ingegneria energetica,http://www.unibo.it/it/didattica/corsi-di-studio/corso/2018/0924,Bologna,Bologna,Ingegneria e architettura,Laurea,3,False,,,Italiano,numero chiuso
925,2018/2019,True,Ingegneria gestionale,http://www.unibo.it/it/didattica/corsi-di-studio/corso/2018/0925,Bologna,Bologna,Ingegneria e architettura,Laurea,3,False,,,Italiano,numero chiuso
926,2018/2019,False,Ingegneria informatica,http://www.unibo.it/it/didattica/corsi-di-studio/corso/2018/0926,Bologna,Bologna,Ingegneria e architettura,Laurea,3,False,,,Italiano,numero chiuso
927,2018/2019,True,Ingegneria meccanica,http://www.unibo.it/it/didattica/corsi-di-studio/corso/2018/0927,Bologna,Bologna,Ingegneria e architettura,Laurea,3,False,,,Italiano,numero chiuso
930,2018/2019,True,Ingegneria civile,http://www.unibo.it/it/didattica/corsi-di-studio/corso/2018/0930,Bologna,Bologna,Ingegneria e architettura,Laurea Magistrale,2,False,,,Italiano,libero accesso con verifica dell'adeguatezza della preparazione
934,2018/2019,True,Ingegneria elettronica,http://www.unibo.it/it/didattica/corsi-di-studio/corso/2018/0934,Bologna,Bologna,Ingegneria e architettura,Laurea Magistrale,2,True,,Erogato in lingua straniera (solo alcuni curricula),Italiano Inglese,libero accesso con verifica dell'adeguatezza della preparazione
935,2018/2019,True,Ingegneria energetica,http://www.unibo.it/it/didattica/corsi-di-studio/corso/2018/0935,Bologna,Bologna,Ingegneria e architettura,Laurea Magistrale,2,False,,,Italiano,libero accesso con verifica dell'adeguatezza della preparazione
936,2018/2019,True,Ingegneria gestionale,http://www.unibo.it/it/didattica/corsi-di-studio/corso/2018/0936,Bologna,Bologna,Ingegneria e architettura,Laurea Magistrale,2,False,,,Italiano,libero accesso con verifica dell'adeguatezza della preparazione
937,2018/2019,True,Ingegneria informatica,http://www.unibo.it/it/didattica/corsi-di-studio/corso/2018/0937,Bologna,Bologna,Ingegneria e architettura,Laurea Magistrale,2,False,,,Italiano,libero accesso con verifica dell'adeguatezza della preparazione
938,2018/2019,True,Ingegneria meccanica,http://www.unibo.it/it/didattica/corsi-di-studio/corso/2018/0938,Bologna,Bologna,Ingegneria e architettura,Laurea Magistrale,2,False,,,Italiano,libero accesso con verifica dell'adeguatezza della preparazione
940,2018/2019,True,Ingegneria edile - architettura,http://www.unibo.it/it/didattica/corsi-di-studio/corso/2018/0940,Bologna,Bologna,Ingegneria e architettura,Laurea Magistrale a ciclo unico,5,False,,,Italiano,numero chiuso
946,2018/2019,True,Ingegneria biomedica,http://www.unibo.it/it/didattica/corsi-di-studio/corso/2018/0946,Cesena,Cesena,Ingegneria e architettura,Laurea,3,False,,,Italiano,numero chiuso
949,2018/2019,True,Ingegneria meccanica,http://www.unibo.it/it/didattica/corsi-di-studio/corso/2018/0949,ForlÃ¬,ForlÃ¬,Ingegneria e architettura,Laurea,3,False,,,Italiano,numero chiuso
956,2018/2019,True,"Dams - discipline delle arti, della musica  e dello spettacolo",http://www.unibo.it/it/didattica/corsi-di-studio/corso/2018/0956,Bologna,Bologna,Studi umanistici,Laurea,3,False,,,Italiano,libero accesso con verifica delle conoscenze
957,2018/2019,False,Filosofia,http://www.unibo.it/it/didattica/corsi-di-studio/corso/2018/0957,Bologna,Bologna,Studi umanistici,Laurea,3,False,,,Italiano,libero accesso con verifica delle conoscenze
962,2018/2019,True,Storia,http://www.unibo.it/it/didattica/corsi-di-studio/corso/2018/0962,Bologna,Bologna,Studi umanistici,Laurea,3,False,,,Italiano,libero accesso con verifica delle conoscenze
964,2018/2019,True,Antropologia culturale ed etnologia,http://www.unibo.it/it/didattica/corsi-di-studio/corso/2018/0964,Bologna,Bologna,Studi umanistici,Laurea Magistrale,2,False,,,Italiano,libero accesso con verifica dell'adeguatezza della preparazione
966,2018/2019,True,"Cinema, televisione e produzione multimediale",http://www.unibo.it/it/didattica/corsi-di-studio/corso/2018/0966,Bologna,Bologna,Studi umanistici,Laurea Magistrale,2,False,,,Italiano,libero accesso con verifica dell'adeguatezza della preparazione
970,2018/2019,True,"Filologia, letteratura e tradizione classica",http://www.unibo.it/it/didattica/corsi-di-studio/corso/2018/0970,Bologna,Bologna,Studi umanistici,Laurea Magistrale,2,False,,,Italiano,libero accesso con verifica dell'adeguatezza della preparazione
971,2018/2019,True,Geografia e processi territoriali,http://www.unibo.it/it/didattica/corsi-di-studio/corso/2018/0971,Bologna,Bologna,Studi umanistici,Laurea Magistrale,2,False,,,Italiano,libero accesso con verifica dell'adeguatezza della preparazione
977,2018/2019,True,Arti visive,http://www.unibo.it/it/didattica/corsi-di-studio/corso/2018/0977,Bologna,Bologna,Studi umanistici,Laurea Magistrale,2,True,Titolo multiplo,,Italiano,libero accesso con verifica dell'adeguatezza della preparazione
979,2018/2019,True,Lingue e letterature straniere,http://www.unibo.it/it/didattica/corsi-di-studio/corso/2018/0979,Bologna,Bologna,"Lingue e Letterature, Traduzione e Interpretazione",Laurea,3,True,Titolo multiplo (solo alcuni curricula),,Italiano,numero chiuso
980,2018/2019,True,"Lingue, mercati e culture dell'Asia",http://www.unibo.it/it/didattica/corsi-di-studio/corso/2018/0980,Bologna,Bologna,"Lingue e Letterature, Traduzione e Interpretazione",Laurea,3,False,,,Italiano,numero chiuso
981,2018/2019,True,"Letterature moderne, comparate e postcoloniali",http://www.unibo.it/it/didattica/corsi-di-studio/corso/2018/0981,Bologna,Bologna,"Lingue e Letterature, Traduzione e Interpretazione",Laurea Magistrale,2,True,Titolo multiplo,,Italiano,libero accesso con verifica dell'adeguatezza della preparazione
983,2018/2019,True,Lingua e cultura italiane per stranieri,http://www.unibo.it/it/didattica/corsi-di-studio/corso/2018/0983,Bologna,Bologna,"Lingue e Letterature, Traduzione e Interpretazione",Laurea Magistrale,2,False,,,Italiano,libero accesso con verifica dell'adeguatezza della preparazione
989,2018/2019,True,Neuroscienze e riabilitazione neuropsicologica,http://www.unibo.it/it/didattica/corsi-di-studio/corso/2018/0989,Cesena,Cesena,Psicologia,Laurea Magistrale,2,False,,,Italiano,libero accesso con verifica dell'adeguatezza della preparazione
990,2018/2019,True,Psicologia clinica,http://www.unibo.it/it/didattica/corsi-di-studio/corso/2018/0990,Cesena,Cesena,Psicologia,Laurea Magistrale,2,True,Titolo multiplo,,Italiano,libero accesso con verifica dell'adeguatezza della preparazione
991,2018/2019,True,Psicologia cognitiva applicata,http://www.unibo.it/it/didattica/corsi-di-studio/corso/2018/0991,Cesena,Bologna,Psicologia,Laurea Magistrale,2,False,,,Italiano,libero accesso con verifica dell'adeguatezza della preparazione
993,2018/2019,True,Psicologia scolastica e di comunita',http://www.unibo.it/it/didattica/corsi-di-studio/corso/2018/0993,Cesena,Cesena,Psicologia,Laurea Magistrale,2,True,Titolo multiplo,,Italiano,libero accesso con verifica dell'adeguatezza della preparazione
8004,2018/2019,True,Astronomia,http://www.unibo.it/it/didattica/corsi-di-studio/corso/2018/8004,Bologna,Bologna,Scienze,Laurea,3,False,,,Italiano,numero chiuso
8005,2018/2019,True,Biotecnologie,http://www.unibo.it/it/didattica/corsi-di-studio/corso/2018/8005,Bologna,Bologna,Farmacia e biotecnologie,Laurea,3,False,,,Italiano,numero chiuso
8006,2018/2019,True,Chimica e chimica dei materiali,http://www.unibo.it/it/didattica/corsi-di-studio/corso/2018/8006,Bologna,Bologna,Scienze,Laurea,3,False,,,Italiano,numero chiuso
8007,2018/2019,False,Fisica,http://www.unibo.it/it/didattica/corsi-di-studio/corso/2018/8007,Bologna,Bologna,Scienze,Laurea,3,False,,,Italiano,numero chiuso
8009,2018/2019,True,Informatica,http://www.unibo.it/it/didattica/corsi-di-studio/corso/2018/8009,Bologna,Bologna,Scienze,Laurea,3,False,,,Italiano,numero chiuso
8010,2018/2019,True,Matematica,http://www.unibo.it/it/didattica/corsi-di-studio/corso/2018/8010,Bologna,Bologna,Scienze,Laurea,3,False,,,Italiano,libero accesso con verifica delle conoscenze
8011,2018/2019,True,Scienze ambientali,http://www.unibo.it/it/didattica/corsi-di-studio/corso/2018/8011,Ravenna,Ravenna,Scienze,Laurea,3,False,,,Italiano,libero accesso con verifica delle conoscenze
8012,2018/2019,True,Scienze biologiche,http://www.unibo.it/it/didattica/corsi-di-studio/corso/2018/8012,Bologna,Bologna,Scienze,Laurea,3,False,,,Italiano,numero chiuso
8014,2018/2019,True,Informatica per il management,http://www.unibo.it/it/didattica/corsi-di-studio/corso/2018/8014,Bologna,Bologna,Scienze,Laurea,3,False,,,Italiano,numero chiuso
8015,2018/2019,True,Scienze geologiche,http://www.unibo.it/it/didattica/corsi-di-studio/corso/2018/8015,Bologna,Bologna,Scienze,Laurea,3,False,,,Italiano,numero chiuso
8016,2018/2019,True,Scienze naturali,http://www.unibo.it/it/didattica/corsi-di-studio/corso/2018/8016,Bologna,Bologna,Scienze,Laurea,3,False,,,Italiano,numero chiuso
8018,2018/2019,True,Astrofisica e cosmologia,http://www.unibo.it/it/didattica/corsi-di-studio/corso/2018/8018,Bologna,Bologna,Scienze,Laurea Magistrale,2,False,,,Italiano,libero accesso con verifica dell'adeguatezza della preparazione
8020,2018/2019,True,Bioinformatics,http://www.unibo.it/it/didattica/corsi-di-studio/corso/2018/8020,Bologna,Bologna,Farmacia e biotecnologie,Laurea Magistrale,2,True,Titolo multiplo,Erogato in lingua straniera,Inglese,libero accesso con verifica dell'adeguatezza della preparazione
8021,2018/2019,True,Biologia molecolare e cellulare,http://www.unibo.it/it/didattica/corsi-di-studio/corso/2018/8021,Bologna,Bologna,Farmacia e biotecnologie,Laurea Magistrale,2,False,,,Italiano,libero accesso con verifica dell'adeguatezza della preparazione
8025,2018/2019,False,Fisica,http://www.unibo.it/it/didattica/corsi-di-studio/corso/2018/8025,Bologna,Bologna,Scienze,Laurea Magistrale,2,True,,Erogato in lingua straniera (solo alcuni curricula),Italiano Inglese,libero accesso con verifica dell'adeguatezza della preparazione
8026,2018/2019,True,Fotochimica e materiali molecolari,http://www.unibo.it/it/didattica/corsi-di-studio/corso/2018/8026,Bologna,Bologna,Scienze,Laurea Magistrale,2,False,,,Italiano,libero accesso con verifica dell'adeguatezza della preparazione
8027,2018/2019,True,Geologia e territorio,http://www.unibo.it/it/didattica/corsi-di-studio/corso/2018/8027,Bologna,Bologna,Scienze,Laurea Magistrale,2,False,,,Italiano,libero accesso con verifica dell'adeguatezza della preparazione
8028,2018/2019,True,Informatica,http://www.unibo.it/it/didattica/corsi-di-studio/corso/2018/8028,Bologna,Bologna,Scienze,Laurea Magistrale,2,True,Titolo multiplo,,Italiano,libero accesso con verifica dell'adeguatezza della preparazione
8036,2018/2019,False,Scienze e tecniche dell'attivita' motoria preventiva e adattata,http://www.unibo.it/it/didattica/corsi-di-studio/corso/2018/8036,Bologna,Bologna,Scienze motorie,Laurea Magistrale,2,False,,,Italiano,libero accesso con verifica dell'adeguatezza della preparazione
8037,2018/2019,True,Scienze e tecniche dell'attivita' sportiva,http://www.unibo.it/it/didattica/corsi-di-studio/corso/2018/8037,Bologna,Bologna,Scienze motorie,Laurea Magistrale,2,False,,,Italiano,libero accesso con verifica dell'adeguatezza della preparazione
8038,2018/2019,True,"Economia, mercati e istituzioni",http://www.unibo.it/it/didattica/corsi-di-studio/corso/2018/8038,Bologna,Bologna,Economia e management,Laurea,3,False,,,Italiano,numero chiuso
8040,2018/2019,True,Servizio sociale,http://www.unibo.it/it/didattica/corsi-di-studio/corso/2018/8040,Bologna,Bologna,Sociologia,Laurea,3,False,,,Italiano,numero chiuso
8048,2018/2019,True,Scienze internazionali e diplomatiche,http://www.unibo.it/it/didattica/corsi-di-studio/corso/2018/8048,ForlÃ¬,ForlÃ¬,Scienze politiche,Laurea,3,True,,Erogato in lingua straniera (solo alcuni curricula),Italiano Inglese,numero chiuso
8049,2018/2019,True,Interdisciplinary research and studies on eastern europe,http://www.unibo.it/it/didattica/corsi-di-studio/corso/2018/8049,ForlÃ¬,ForlÃ¬,Scienze politiche,Laurea Magistrale,2,True,Titolo congiunto,Erogato in lingua straniera,Inglese,numero chiuso
8051,2018/2019,True,Mass media e politica,http://www.unibo.it/it/didattica/corsi-di-studio/corso/2018/8051,ForlÃ¬,ForlÃ¬,Scienze politiche,Laurea Magistrale,2,False,,,Italiano,libero accesso con verifica dell'adeguatezza della preparazione
8059,2018/2019,True,Mediazione linguistica interculturale,http://www.unibo.it/it/didattica/corsi-di-studio/corso/2018/8059,ForlÃ¬,ForlÃ¬,"Lingue e Letterature, Traduzione e Interpretazione",Laurea,3,True,Titolo multiplo,,Italiano,numero chiuso
8060,2018/2019,True,Interpretazione,http://www.unibo.it/it/didattica/corsi-di-studio/corso/2018/8060,ForlÃ¬,ForlÃ¬,"Lingue e Letterature, Traduzione e Interpretazione",Laurea Magistrale,2,False,,,Italiano,numero chiuso
8061,2018/2019,False,Traduzione specializzata,http://www.unibo.it/it/didattica/corsi-di-studio/corso/2018/8061,ForlÃ¬,ForlÃ¬,"Lingue e Letterature, Traduzione e Interpretazione",Laurea Magistrale,2,False,,,Italiano,numero chiuso
8182,2018/2019,True,Design del prodotto industriale,http://www.unibo.it/it/didattica/corsi-di-studio/corso/2018/8182,Bologna,Bologna,Ingegneria e architettura,Laurea,3,False,,,Italiano,numero chiuso
8198,2018/2019,False,Ingegneria biomedica,http://www.unibo.it/it/didattica/corsi-di-studio/corso/2018/8198,Cesena,Cesena,Ingegneria e architettura,Laurea Magistrale,2,False,,,Italiano,libero accesso con verifica dell'adeguatezza della preparazione
8204,2018/2019,True,Odontoiatria e protesi dentaria,http://www.unibo.it/it/didattica/corsi-di-studio/corso/2018/8204,Bologna,Bologna,Medicina e Chirurgia,Laurea Magistrale a ciclo unico,6,False,,,Italiano,numero chiuso
8208,2018/2019,True,Matematica,http://www.unibo.it/it/didattica/corsi-di-studio/corso/2018/8208,Bologna,Bologna,Scienze,Laurea Magistrale,2,False,,,Italiano,libero accesso con verifica dell'adeguatezza della preparazione
8209,2018/2019,False,Scienze e gestione della natura,http://www.unibo.it/it/didattica/corsi-di-studio/corso/2018/8209,Bologna,Bologna,Scienze,Laurea Magistrale,2,False,,,Italiano,libero accesso con verifica dell'adeguatezza della preparazione
8263,2018/2019,False,Ingegneria aerospaziale,http://www.unibo.it/it/didattica/corsi-di-studio/corso/2018/8263,ForlÃ¬,ForlÃ¬,Ingegneria e architettura,Laurea,3,False,,,Italiano,numero chiuso
8406,2018/2019,True,Management e marketing,http://www.unibo.it/it/didattica/corsi-di-studio/corso/2018/8406,Bologna,Bologna,Economia e management,Laurea,3,False,,,Italiano,numero chiuso
8408,2018/2019,True,Economics,http://www.unibo.it/it/didattica/corsi-di-studio/corso/2018/8408,Bologna,Bologna,Economia e management,Laurea Magistrale,2,True,,Erogato in lingua straniera,Inglese,libero accesso con verifica dell'adeguatezza della preparazione
8412,2018/2019,True,Chimica e tecnologia farmaceutiche,http://www.unibo.it/it/didattica/corsi-di-studio/corso/2018/8412,Bologna,Bologna,Farmacia e biotecnologie,Laurea Magistrale a ciclo unico,5,False,,,Italiano,numero chiuso
8413,2018/2019,False,Farmacia,http://www.unibo.it/it/didattica/corsi-di-studio/corso/2018/8413,Bologna,Bologna,Farmacia e biotecnologie,Laurea Magistrale a ciclo unico,5,False,,,Italiano,numero chiuso
8414,2018/2019,False,Farmacia,http://www.unibo.it/it/didattica/corsi-di-studio/corso/2018/8414,Rimini,Rimini,Farmacia e biotecnologie,Laurea Magistrale a ciclo unico,5,False,,,Italiano,numero chiuso
8415,2018/2019,True,Medicina e chirurgia,http://www.unibo.it/it/didattica/corsi-di-studio/corso/2018/8415,Bologna,Bologna,Medicina e Chirurgia,Laurea Magistrale a ciclo unico,6,False,,,Italiano,numero chiuso
8418,2018/2019,True,Analisi e gestione dell'ambiente,http://www.unibo.it/it/didattica/corsi-di-studio/corso/2018/8418,Ravenna,Ravenna,Scienze,Laurea Magistrale,2,True,Titolo multiplo (solo alcuni curricula),Erogato in lingua straniera (solo alcuni curricula),Italiano Inglese,libero accesso con verifica dell'adeguatezza della preparazione
8419,2018/2019,True,Biodiversita' ed evoluzione,http://www.unibo.it/it/didattica/corsi-di-studio/corso/2018/8419,Bologna,Bologna,Scienze,Laurea Magistrale,2,False,,,Italiano,libero accesso con verifica dell'adeguatezza della preparazione
8420,2018/2019,True,Economia e politica economica,http://www.unibo.it/it/didattica/corsi-di-studio/corso/2018/8420,Bologna,Bologna,Economia e management,Laurea Magistrale,2,True,,Erogato in lingua straniera (solo alcuni curricula),Italiano Inglese,libero accesso con verifica dell'adeguatezza della preparazione
8470,2018/2019,True,Dietistica (abilitante alla professione sanitaria di dietista),http://www.unibo.it/it/didattica/corsi-di-studio/corso/2018/8470,Bologna,Bologna,Medicina e Chirurgia,Laurea,3,False,,,Italiano,numero chiuso
8473,2018/2019,True,Infermieristica (abilitante alla professione sanitaria di infermiere),http://www.unibo.it/it/didattica/corsi-di-studio/corso/2018/8473,Bologna,Bologna,Medicina e Chirurgia,Laurea,3,False,,,Italiano,numero chiuso
8474,2018/2019,True,Infermieristica (abilitante alla professione sanitaria di infermiere),http://www.unibo.it/it/didattica/corsi-di-studio/corso/2018/8474,Ravenna,Faenza,Medicina e Chirurgia,Laurea,3,False,,,Italiano,numero chiuso
8475,2018/2019,True,Infermieristica (abilitante alla professione sanitaria di infermiere),http://www.unibo.it/it/didattica/corsi-di-studio/corso/2018/8475,Rimini,Rimini,Medicina e Chirurgia,Laurea,3,False,,,Italiano,numero chiuso
8476,2018/2019,True,Fisioterapia (abilitante alla professione sanitaria di fisioterapista),http://www.unibo.it/it/didattica/corsi-di-studio/corso/2018/8476,Bologna,Bologna,Medicina e Chirurgia,Laurea,3,False,,,Italiano,numero chiuso
8477,2018/2019,True,Educazione professionale (abilitante alla professione sanitaria di educatore professionale),http://www.unibo.it/it/didattica/corsi-di-studio/corso/2018/8477,Bologna,Imola,Medicina e Chirurgia,Laurea,3,False,,,Italiano,numero chiuso
8478,2018/2019,True,Logopedia (abilitante alla professione sanitaria di logopedista),http://www.unibo.it/it/didattica/corsi-di-studio/corso/2018/8478,Ravenna,Faenza,Medicina e Chirurgia,Laurea,3,False,,,Italiano,numero chiuso
8479,2018/2019,True,Podologia (abilitante alla professione sanitaria di podologo),http://www.unibo.it/it/didattica/corsi-di-studio/corso/2018/8479,Bologna,Bologna,Medicina e Chirurgia,Laurea,3,False,,,Italiano,numero chiuso
8481,2018/2019,True,Igiene dentale (abilitante alla professione sanitaria di igienista dentale),http://www.unibo.it/it/didattica/corsi-di-studio/corso/2018/8481,Bologna,Bologna,Medicina e Chirurgia,Laurea,3,False,,,Italiano,numero chiuso
8482,2018/2019,True,Tecniche di neurofisiopatologia (abilitante alla professione sanitaria di tecnico di neurofisiopatologia),http://www.unibo.it/it/didattica/corsi-di-studio/corso/2018/8482,Bologna,Bologna,Medicina e Chirurgia,Laurea,3,False,,,Italiano,numero chiuso
8483,2018/2019,True,Tecniche ortopediche (abilitante alla professione sanitaria di tecnico ortopedico),http://www.unibo.it/it/didattica/corsi-di-studio/corso/2018/8483,Bologna,Bologna,Medicina e Chirurgia,Laurea,3,False,,,Italiano,numero chiuso
8484,2018/2019,True,Tecniche di laboratorio biomedico (abilitante alla professione sanitaria di tecnico di laboratorio biomedico),http://www.unibo.it/it/didattica/corsi-di-studio/corso/2018/8484,Bologna,Bologna,Medicina e Chirurgia,Laurea,3,False,,,Italiano,numero chiuso
8485,2018/2019,True,"Tecniche di radiologia medica, per immagini e radioterapia (abilitante alla professione sanitaria di tecnico di radiologia medica)",http://www.unibo.it/it/didattica/corsi-di-studio/corso/2018/8485,Bologna,Bologna,Medicina e Chirurgia,Laurea,3,False,,,Italiano,numero chiuso
8486,2018/2019,False,"Tecniche di radiologia medica, per immagini e radioterapia (abilitante alla professione sanitaria di tecnico di radiologia medica)",http://www.unibo.it/it/didattica/corsi-di-studio/corso/2018/8486,Rimini,Rimini,Medicina e Chirurgia,Laurea,3,False,,,Italiano,numero chiuso
8487,2018/2019,True,Tecniche della prevenzione nell'ambiente e nei luoghi di lavoro (abilitante  alla professione sanitaria di tecnico della prevenzione nell'ambiente e nei luoghi di lavoro),http://www.unibo.it/it/didattica/corsi-di-studio/corso/2018/8487,Bologna,Imola,Medicina e Chirurgia,Laurea,3,False,,,Italiano,numero chiuso
8488,2018/2019,True,Scienze infermieristiche e ostetriche,http://www.unibo.it/it/didattica/corsi-di-studio/corso/2018/8488,Bologna,Bologna,Medicina e Chirurgia,Laurea Magistrale,2,False,,,Italiano,numero chiuso
8491,2018/2019,True,Scienze criminologiche per l'investigazione e la sicurezza,http://www.unibo.it/it/didattica/corsi-di-studio/corso/2018/8491,ForlÃ¬,ForlÃ¬,Sociologia,Laurea Magistrale,2,False,,,Italiano,libero accesso con verifica dell'adeguatezza della preparazione
8493,2018/2019,True,"Antropologia, religioni, civilta' orientali",http://www.unibo.it/it/didattica/corsi-di-studio/corso/2018/8493,Bologna,Bologna,Studi umanistici,Laurea,3,False,,,Italiano,libero accesso con verifica delle conoscenze
8495,2018/2019,True,Sociologia,http://www.unibo.it/it/didattica/corsi-di-studio/corso/2018/8495,ForlÃ¬,ForlÃ¬,Sociologia,Laurea,3,False,,,Italiano,libero accesso con verifica delle conoscenze
8512,2018/2019,True,Scienze delle attivita' motorie e sportive,http://www.unibo.it/it/didattica/corsi-di-studio/corso/2018/8512,Bologna,Bologna,Scienze motorie,Laurea,3,False,,,Italiano,numero chiuso
8513,2018/2019,True,Chimica industriale,http://www.unibo.it/it/didattica/corsi-di-studio/corso/2018/8513,Bologna,Bologna,Scienze,Laurea,3,False,,,Italiano,numero chiuso
8514,2018/2019,True,Chimica e tecnologie per l'ambiente e per i materiali,http://www.unibo.it/it/didattica/corsi-di-studio/corso/2018/8514,Rimini,Rimini,Scienze,Laurea,3,False,,,Italiano,numero chiuso
8515,2018/2019,True,Chimica e tecnologie per l'ambiente e per i materiali,http://www.unibo.it/it/didattica/corsi-di-studio/corso/2018/8515,Ravenna,Faenza,Scienze,Laurea,3,False,,,Italiano,numero chiuso
8517,2018/2019,False,Controllo di qualita' dei prodotti per la salute,http://www.unibo.it/it/didattica/corsi-di-studio/corso/2018/8517,Rimini,Rimini,Farmacia e biotecnologie,Laurea,3,False,,,Italiano,numero chiuso
8518,2018/2019,True,Scienze farmaceutiche applicate,http://www.unibo.it/it/didattica/corsi-di-studio/corso/2018/8518,Bologna,Imola,Farmacia e biotecnologie,Laurea,3,False,,,Italiano,numero chiuso
8519,2018/2019,True,Biotecnologie farmaceutiche,http://www.unibo.it/it/didattica/corsi-di-studio/corso/2018/8519,Bologna,Bologna,Farmacia e biotecnologie,Laurea Magistrale,2,False,,,Italiano,libero accesso con verifica dell'adeguatezza della preparazione
8521,2018/2019,True,Sicurezza e qualita' delle produzioni animali,http://www.unibo.it/it/didattica/corsi-di-studio/corso/2018/8521,Bologna,Ozzano dell' Emilia,Medicina veterinaria,Laurea Magistrale,2,False,,,Italiano,libero accesso con verifica dell'adeguatezza della preparazione
8522,2018/2019,True,Biotecnologie animali,http://www.unibo.it/it/didattica/corsi-di-studio/corso/2018/8522,Bologna,Ozzano dell' Emilia,Medicina veterinaria,Laurea Magistrale,2,False,,,Italiano,libero accesso con verifica dell'adeguatezza della preparazione
8523,2018/2019,True,Verde ornamentale e tutela del paesaggio,http://www.unibo.it/it/didattica/corsi-di-studio/corso/2018/8523,Bologna,Imola,Scienze agro-alimentari,Laurea,3,False,,,Italiano,libero accesso con verifica delle conoscenze
8524,2018/2019,True,Tecnologie agrarie,http://www.unibo.it/it/didattica/corsi-di-studio/corso/2018/8524,Bologna,Bologna,Scienze agro-alimentari,Laurea,3,False,,,Italiano,numero chiuso
8525,2018/2019,True,Scienze del territorio e dell'ambiente agro-forestale,http://www.unibo.it/it/didattica/corsi-di-studio/corso/2018/8525,Bologna,Bologna,Scienze agro-alimentari,Laurea,3,False,,,Italiano,numero chiuso
8526,2018/2019,True,Economia e marketing nel sistema agro-industriale,http://www.unibo.it/it/didattica/corsi-di-studio/corso/2018/8526,Bologna,Bologna,Scienze agro-alimentari,Laurea,3,False,,,Italiano,numero chiuso
8527,2018/2019,True,Viticoltura ed enologia,http://www.unibo.it/it/didattica/corsi-di-studio/corso/2018/8527,Cesena,Cesena,Scienze agro-alimentari,Laurea,3,False,,,Italiano,numero chiuso
8528,2018/2019,True,Tecnologie alimentari,http://www.unibo.it/it/didattica/corsi-di-studio/corso/2018/8528,Cesena,Cesena,Scienze agro-alimentari,Laurea,3,False,,,Italiano,numero chiuso
8531,2018/2019,True,Scienze e tecnologie alimentari,http://www.unibo.it/it/didattica/corsi-di-studio/corso/2018/8531,Cesena,Cesena,Scienze agro-alimentari,Laurea Magistrale,2,False,,,Italiano,libero accesso con verifica dell'adeguatezza della preparazione
8532,2018/2019,True,"Progettazione e gestione degli ecosistemi agro-territoriali, forestali e del paesaggio",http://www.unibo.it/it/didattica/corsi-di-studio/corso/2018/8532,Bologna,Bologna,Scienze agro-alimentari,Laurea Magistrale,2,False,,,Italiano,libero accesso con verifica dell'adeguatezza della preparazione
8537,2018/2019,True,Science for the conservation - restoration of cultural heritage,http://www.unibo.it/it/didattica/corsi-di-studio/corso/2018/8537,Ravenna,Ravenna,Scienze,Laurea Magistrale,2,True,,Erogato in lingua straniera,Inglese,libero accesso con verifica dell'adeguatezza della preparazione
8540,2018/2019,True,Scienze della formazione primaria,http://www.unibo.it/it/didattica/corsi-di-studio/corso/2018/8540,Bologna,Bologna,Scienze dellâ€™educazione e della formazione,Laurea Magistrale a ciclo unico,5,False,,,Italiano,numero chiuso
8609,2018/2019,True,Tourism economics and management ,http://www.unibo.it/it/didattica/corsi-di-studio/corso/2018/8609,Rimini,Rimini,Economia e management,Laurea Magistrale,2,True,,Erogato in lingua straniera,Inglese,libero accesso con verifica dell'adeguatezza della preparazione
8610,2018/2019,False,Ingegneria dell'energia elettrica,http://www.unibo.it/it/didattica/corsi-di-studio/corso/2018/8610,Bologna,Bologna,Ingegneria e architettura,Laurea,3,False,,,Italiano,numero chiuso
8611,2018/2019,True,Ingegneria dell'energia elettrica,http://www.unibo.it/it/didattica/corsi-di-studio/corso/2018/8611,Bologna,Bologna,Ingegneria e architettura,Laurea Magistrale,2,True,,Erogato in lingua straniera (solo alcuni curricula),Italiano Inglese,libero accesso con verifica dell'adeguatezza della preparazione
8614,2018/2019,True,Ingegneria e scienze informatiche,http://www.unibo.it/it/didattica/corsi-di-studio/corso/2018/8614,Cesena,Cesena,"Ingegneria e architettura, Scienze",Laurea Magistrale,2,False,,,Italiano,libero accesso con verifica dell'adeguatezza della preparazione
8615,2018/2019,True,Ingegneria e scienze informatiche,http://www.unibo.it/it/didattica/corsi-di-studio/corso/2018/8615,Cesena,Cesena,"Ingegneria e architettura, Scienze",Laurea,3,False,,,Italiano,numero chiuso
8616,2018/2019,True,Conservazione e restauro dei beni culturali (abilitante ai sensi del d. lgs n. 42,http://www.unibo.it/it/didattica/corsi-di-studio/corso/2018/8616,Ravenna,Ravenna,Studi umanistici,Laurea Magistrale a ciclo unico,5,False,,,Italiano,numero chiuso
8617,2018/2019,True,Medicina veterinaria,http://www.unibo.it/it/didattica/corsi-di-studio/corso/2018/8617,Bologna,Ozzano dell' Emilia,Medicina veterinaria,Laurea Magistrale a ciclo unico,5,False,,,Italiano,numero chiuso
8626,2018/2019,True,Fisica del sistema terra,http://www.unibo.it/it/didattica/corsi-di-studio/corso/2018/8626,Bologna,Bologna,Scienze,Laurea Magistrale,2,False,,,Italiano,libero accesso con verifica dell'adeguatezza della preparazione
8766,2018/2019,True,Scienze delle attivita' motorie e sportive,http://www.unibo.it/it/didattica/corsi-di-studio/corso/2018/8766,Rimini,Rimini,Scienze motorie,Laurea,3,False,,,Italiano,numero chiuso
8767,2018/2019,True,Ingegneria elettronica per l'energia e l'informazione,http://www.unibo.it/it/didattica/corsi-di-studio/corso/2018/8767,Cesena,Cesena,Ingegneria e architettura,Laurea,3,False,,,Italiano,numero chiuso
8769,2018/2019,True,Aerospace engineering ,http://www.unibo.it/it/didattica/corsi-di-studio/corso/2018/8769,ForlÃ¬,ForlÃ¬,Ingegneria e architettura,Laurea Magistrale,2,True,Titolo multiplo,Erogato in lingua straniera,Inglese,numero chiuso
8770,2018/2019,True,Ingegneria elettronica e telecomunicazioni per lâ€™energia,http://www.unibo.it/it/didattica/corsi-di-studio/corso/2018/8770,Cesena,Cesena,Ingegneria e architettura,Laurea Magistrale,2,False,,,Italiano,libero accesso con verifica dell'adeguatezza della preparazione
8771,2018/2019,True,Ingegneria meccanica,http://www.unibo.it/it/didattica/corsi-di-studio/corso/2018/8771,ForlÃ¬,ForlÃ¬,Ingegneria e architettura,Laurea Magistrale,2,True,Titolo multiplo,,Italiano,numero chiuso
8772,2018/2019,True,Culture e tecniche della moda,http://www.unibo.it/it/didattica/corsi-di-studio/corso/2018/8772,Rimini,Rimini,Studi umanistici,Laurea,3,False,,,Italiano,libero accesso con verifica dell'adeguatezza della preparazione
8773,2018/2019,True,Scienze filosofiche,http://www.unibo.it/it/didattica/corsi-di-studio/corso/2018/8773,Bologna,Bologna,Studi umanistici,Laurea Magistrale,2,True,Titolo multiplo,,Italiano,libero accesso con verifica dell'adeguatezza della preparazione
8774,2018/2019,True,Scienze e tecniche psicologiche,http://www.unibo.it/it/didattica/corsi-di-studio/corso/2018/8774,Cesena,Cesena,Psicologia,Laurea,3,False,,,Italiano,numero chiuso
8775,2018/2019,True,Educatore nei servizi per l'infanzia,http://www.unibo.it/it/didattica/corsi-di-studio/corso/2018/8775,Bologna,Bologna,Scienze dellâ€™educazione e della formazione,Laurea,3,False,,,Italiano,numero chiuso
8776,2018/2019,True,Educatore sociale e culturale,http://www.unibo.it/it/didattica/corsi-di-studio/corso/2018/8776,Bologna,Bologna,Scienze dellâ€™educazione e della formazione,Laurea,3,False,,,Italiano,numero chiuso
8777,2018/2019,True,Educatore sociale e culturale,http://www.unibo.it/it/didattica/corsi-di-studio/corso/2018/8777,Rimini,Rimini,Scienze dellâ€™educazione e della formazione,Laurea,3,False,,,Italiano,numero chiuso
8780,2018/2019,True,Scienze dellâ€™educazione permanente e della formazione continua,http://www.unibo.it/it/didattica/corsi-di-studio/corso/2018/8780,Bologna,Bologna,Scienze dellâ€™educazione e della formazione,Laurea Magistrale,2,False,,,Italiano,libero accesso con verifica dell'adeguatezza della preparazione
8782,2018/2019,True,Relazioni internazionali,http://www.unibo.it/it/didattica/corsi-di-studio/corso/2018/8782,Bologna,Bologna,Scienze politiche,Laurea Magistrale,2,True,,Erogato in lingua straniera (solo alcuni curricula),Italiano Inglese,numero chiuso
8783,2018/2019,False,Scienze internazionali e diplomatiche,http://www.unibo.it/it/didattica/corsi-di-studio/corso/2018/8783,ForlÃ¬,ForlÃ¬,Scienze politiche,Laurea Magistrale,2,True,,Erogato in lingua straniera (solo alcuni curricula),Italiano Inglese,numero chiuso
8784,2018/2019,True,"Politica, amministrazione e organizzazione",http://www.unibo.it/it/didattica/corsi-di-studio/corso/2018/8784,Bologna,Bologna,Scienze politiche,Laurea Magistrale,2,True,Titolo multiplo (solo alcuni curricula),,Italiano,numero chiuso
8786,2018/2019,True,Sociologia e servizio sociale,http://www.unibo.it/it/didattica/corsi-di-studio/corso/2018/8786,Bologna,Bologna,Sociologia,Laurea Magistrale,2,True,Titolo multiplo (solo alcuni curricula),,Italiano,libero accesso con verifica dell'adeguatezza della preparazione
8829,2018/2019,True,Ingegneria dei processi e dei sistemi edilizi,http://www.unibo.it/it/didattica/corsi-di-studio/corso/2018/8829,Ravenna,Ravenna,Ingegneria e architettura,Laurea Magistrale,2,True,Titolo multiplo (solo alcuni curricula),Erogato in lingua straniera (solo alcuni curricula),Italiano Inglese,libero accesso con verifica dell'adeguatezza della preparazione
8834,2018/2019,True,Acquacoltura e igiene delle produzioni ittiche,http://www.unibo.it/it/didattica/corsi-di-studio/corso/2018/8834,Cesena,Cesenatico,Medicina veterinaria,Laurea,3,False,,,Italiano,libero accesso con verifica delle conoscenze
8835,2018/2019,True,Economics and finance ,http://www.unibo.it/it/didattica/corsi-di-studio/corso/2018/8835,Bologna,Bologna,Economia e management,Laurea,3,True,,Erogato in lingua straniera,Inglese,numero chiuso
8837,2018/2019,True,Discipline della musica e del teatro,http://www.unibo.it/it/didattica/corsi-di-studio/corso/2018/8837,Bologna,Bologna,Studi umanistici,Laurea Magistrale,2,False,,,Italiano,libero accesso con verifica dell'adeguatezza della preparazione
8838,2018/2019,True,Scienze del libro e del documento,http://www.unibo.it/it/didattica/corsi-di-studio/corso/2018/8838,Ravenna,Ravenna,Studi umanistici,Laurea Magistrale,2,False,,,Italiano,libero accesso con verifica dell'adeguatezza della preparazione
8839,2018/2019,True,Resource economics and sustainable development ,http://www.unibo.it/it/didattica/corsi-di-studio/corso/2018/8839,Rimini,Rimini,Economia e management,Laurea Magistrale,2,True,,Erogato in lingua straniera,Inglese,libero accesso con verifica dell'adeguatezza della preparazione
8840,2018/2019,True,Comunicazione pubblica e d'impresa,http://www.unibo.it/it/didattica/corsi-di-studio/corso/2018/8840,Bologna,Bologna,Scienze politiche,Laurea Magistrale,2,False,,,Italiano,numero chiuso
8842,2018/2019,True,Amministrazione e gestione d'impresa,http://www.unibo.it/it/didattica/corsi-di-studio/corso/2018/8842,Rimini,Rimini,Economia e management,Laurea Magistrale,2,True,,Erogato in lingua straniera (solo alcuni curricula),Italiano Inglese,numero chiuso
8843,2018/2019,True,Management dellâ€™economia sociale,http://www.unibo.it/it/didattica/corsi-di-studio/corso/2018/8843,ForlÃ¬,ForlÃ¬,Economia e management,Laurea Magistrale,2,True,Titolo multiplo,,Italiano,libero accesso con verifica dell'adeguatezza della preparazione
8845,2018/2019,True,Scienze storiche e orientalistiche,http://www.unibo.it/it/didattica/corsi-di-studio/corso/2018/8845,Bologna,Bologna,Studi umanistici,Laurea Magistrale,2,True,Titolo multiplo (solo alcuni curricula),Erogato in lingua straniera (solo alcuni curricula),Italiano Inglese,libero accesso con verifica dell'adeguatezza della preparazione
8847,2018/2019,True,Economia del turismo,http://www.unibo.it/it/didattica/corsi-di-studio/corso/2018/8847,Rimini,Rimini,Economia e management,Laurea,3,True,,Erogato in lingua straniera (solo alcuni curricula),Italiano Inglese,numero chiuso
8848,2018/2019,True,Economia dell'impresa,http://www.unibo.it/it/didattica/corsi-di-studio/corso/2018/8848,Rimini,Rimini,Economia e management,Laurea,3,False,,,Italiano,numero chiuso
8849,2018/2019,True,Beni culturali,http://www.unibo.it/it/didattica/corsi-di-studio/corso/2018/8849,Ravenna,Ravenna,Studi umanistici,Laurea,3,False,,,Italiano,libero accesso con verifica delle conoscenze
8850,2018/2019,True,Lettere,http://www.unibo.it/it/didattica/corsi-di-studio/corso/2018/8850,Bologna,Bologna,Studi umanistici,Laurea,3,True,Titolo multiplo (solo alcuni curricula),,Italiano,libero accesso con verifica delle conoscenze
8853,2018/2019,True,"Scienze politiche, sociali e internazionali",http://www.unibo.it/it/didattica/corsi-di-studio/corso/2018/8853,Bologna,Bologna,Scienze politiche,Laurea,3,False,,,Italiano,numero chiuso
8854,2018/2019,True,Quantitative finance,http://www.unibo.it/it/didattica/corsi-di-studio/corso/2018/8854,Bologna,Bologna,Scienze Statistiche,Laurea Magistrale,2,True,Titolo multiplo,Erogato in lingua straniera,Inglese,libero accesso con verifica dell'adeguatezza della preparazione
8855,2018/2019,True,Archeologia e culture del mondo antico,http://www.unibo.it/it/didattica/corsi-di-studio/corso/2018/8855,Bologna,Bologna,Studi umanistici,Laurea Magistrale,2,True,Titolo multiplo,,Italiano,libero accesso con verifica dell'adeguatezza della preparazione
8856,2018/2019,True,Chimica,http://www.unibo.it/it/didattica/corsi-di-studio/corso/2018/8856,Bologna,Bologna,Scienze,Laurea Magistrale,2,True,,Erogato in lingua straniera (solo alcuni curricula),Italiano Inglese,libero accesso con verifica dell'adeguatezza della preparazione
8857,2018/2019,True,Biologia marina,http://www.unibo.it/it/didattica/corsi-di-studio/corso/2018/8857,Ravenna,Ravenna,Scienze,Laurea Magistrale,2,False,,,Italiano,libero accesso con verifica dell'adeguatezza della preparazione
8859,2018/2019,True,Biotecnologie mediche,http://www.unibo.it/it/didattica/corsi-di-studio/corso/2018/8859,Bologna,Bologna,Medicina e Chirurgia,Laurea Magistrale,2,True,Titolo multiplo (solo alcuni curricula),,Italiano,libero accesso con verifica dell'adeguatezza della preparazione
8871,2018/2019,True,Economia aziendale,http://www.unibo.it/it/didattica/corsi-di-studio/corso/2018/8871,Bologna,Bologna,Economia e management,Laurea,3,False,,,Italiano,numero chiuso
8872,2018/2019,True,"Finanza, assicurazioni e impresa",http://www.unibo.it/it/didattica/corsi-di-studio/corso/2018/8872,Rimini,Rimini,Scienze Statistiche,Laurea,3,False,,,Italiano,numero chiuso
8873,2018/2019,True,Scienze statistiche,http://www.unibo.it/it/didattica/corsi-di-studio/corso/2018/8873,Bologna,Bologna,"Scienze Statistiche, Scienze",Laurea,3,True,Titolo multiplo (solo alcuni curricula),Erogato in lingua straniera (solo alcuni curricula),Italiano Inglese,numero chiuso
8874,2018/2019,True,"Language, society and communication ",http://www.unibo.it/it/didattica/corsi-di-studio/corso/2018/8874,Bologna,Bologna,"Lingue e Letterature, Traduzione e Interpretazione",Laurea Magistrale,2,True,,Erogato in lingua straniera,Inglese,libero accesso con verifica dell'adeguatezza della preparazione
8876,2018/2019,True,"Statistica, economia e impresa",http://www.unibo.it/it/didattica/corsi-di-studio/corso/2018/8876,Bologna,Bologna,Scienze Statistiche,Laurea Magistrale,2,False,,,Italiano,libero accesso con verifica dell'adeguatezza della preparazione
8877,2018/2019,True,"Scienze statistiche, finanziarie e attuariali",http://www.unibo.it/it/didattica/corsi-di-studio/corso/2018/8877,Rimini,Rimini,Scienze Statistiche,Laurea Magistrale,2,False,,,Italiano,libero accesso con verifica dell'adeguatezza della preparazione
8878,2018/2019,True,Scienze delle professioni sanitarie della prevenzione,http://www.unibo.it/it/didattica/corsi-di-studio/corso/2018/8878,Bologna,Imola,Medicina e Chirurgia,Laurea Magistrale,2,False,,,Italiano,numero chiuso
8879,2018/2019,True,Assistenza sanitaria (abilitante alla professione sanitaria di assistente sanitario),http://www.unibo.it/it/didattica/corsi-di-studio/corso/2018/8879,Rimini,Rimini,Medicina e Chirurgia,Laurea,3,False,,,Italiano,numero chiuso
8880,2018/2019,True,Health economics and management ,http://www.unibo.it/it/didattica/corsi-di-studio/corso/2018/8880,Bologna,Bologna,Economia e management,Laurea Magistrale,2,True,Titolo congiunto,Erogato in lingua straniera,Inglese,libero accesso con verifica dell'adeguatezza della preparazione
8882,2018/2019,True,Produzioni animali,http://www.unibo.it/it/didattica/corsi-di-studio/corso/2018/8882,Bologna,Bologna,Scienze agro-alimentari,Laurea,3,False,,,Italiano,numero chiuso
8883,2018/2019,True,International horticultural science ,http://www.unibo.it/it/didattica/corsi-di-studio/corso/2018/8883,Bologna,Bologna,Scienze agro-alimentari,Laurea Magistrale,2,True,Titolo congiunto,Erogato in lingua straniera,Inglese,libero accesso con verifica dell'adeguatezza della preparazione
8885,2018/2019,True,Scienze della comunicazione,http://www.unibo.it/it/didattica/corsi-di-studio/corso/2018/8885,Bologna,Bologna,Studi umanistici,Laurea,3,False,,,Italiano,libero accesso con verifica delle conoscenze
8886,2018/2019,True,Semiotica,http://www.unibo.it/it/didattica/corsi-di-studio/corso/2018/8886,Bologna,Bologna,Studi umanistici,Laurea Magistrale,2,False,,,Italiano,libero accesso con verifica dell'adeguatezza della preparazione
8887,2018/2019,True,Ingegneria chimica e biochimica,http://www.unibo.it/it/didattica/corsi-di-studio/corso/2018/8887,Bologna,Bologna,Ingegneria e architettura,Laurea,3,False,,,Italiano,numero chiuso
8888,2018/2019,True,Ingegneria civile,http://www.unibo.it/it/didattica/corsi-di-studio/corso/2018/8888,Bologna,Bologna,Ingegneria e architettura,Laurea,3,False,,,Italiano,numero chiuso
8890,2018/2019,True,Sviluppo e cooperazione internazionale,http://www.unibo.it/it/didattica/corsi-di-studio/corso/2018/8890,Bologna,Bologna,"Scienze Statistiche, Scienze politiche",Laurea,3,False,,,Italiano,numero chiuso
8891,2018/2019,True,Automation engineering ,http://www.unibo.it/it/didattica/corsi-di-studio/corso/2018/8891,Bologna,Bologna,Ingegneria e architettura,Laurea Magistrale,2,True,Titolo multiplo,Erogato in lingua straniera,Inglese,libero accesso con verifica dell'adeguatezza della preparazione
8894,2018/2019,True,Ingegneria per l'ambiente e il territorio,http://www.unibo.it/it/didattica/corsi-di-studio/corso/2018/8894,Bologna,Bologna,Ingegneria e architettura,Laurea Magistrale,2,True,Titolo multiplo,Erogato in lingua straniera (solo alcuni curricula),Italiano Inglese,libero accesso con verifica dell'adeguatezza della preparazione
8895,2018/2019,True,Civil engineering,http://www.unibo.it/it/didattica/corsi-di-studio/corso/2018/8895,Bologna,Bologna,Ingegneria e architettura,Laurea Magistrale,2,True,Titolo multiplo,Erogato in lingua straniera,Inglese,libero accesso con verifica dell'adeguatezza della preparazione
8896,2018/2019,True,Ingegneria chimica e di processo,http://www.unibo.it/it/didattica/corsi-di-studio/corso/2018/8896,Bologna,Bologna,Ingegneria e architettura,Laurea Magistrale,2,True,Titolo multiplo (solo alcuni curricula),Erogato in lingua straniera (solo alcuni curricula),Italiano Inglese,libero accesso con verifica dell'adeguatezza della preparazione
8965,2018/2019,True,Business and economics,http://www.unibo.it/it/didattica/corsi-di-studio/corso/2018/8965,Bologna,Bologna,Economia e management,Laurea,3,True,,Erogato in lingua straniera,Inglese,numero chiuso
9021,2018/2019,False,Advanced design,http://www.unibo.it/it/didattica/corsi-di-studio/corso/2018/9021,Bologna,Bologna,Ingegneria e architettura,Laurea Magistrale,2,False,,,Italiano,numero chiuso
9022,2018/2019,True,Fashion culture and management,http://www.unibo.it/it/didattica/corsi-di-studio/corso/2018/9022,Rimini,Rimini,Studi umanistici,Laurea Magistrale,2,True,,Erogato in lingua straniera,Inglese,libero accesso con verifica dell'adeguatezza della preparazione
9174,2018/2019,True,Specialized translation,http://www.unibo.it/it/didattica/corsi-di-studio/corso/2018/9174,ForlÃ¬,ForlÃ¬,"Lingue e Letterature, Traduzione e Interpretazione",Laurea Magistrale,2,True,Titolo multiplo,Erogato in lingua straniera,Inglese,numero chiuso
9198,2018/2019,True,Ingegneria per l'ambiente e il territorio,http://www.unibo.it/it/didattica/corsi-di-studio/corso/2018/9198,Bologna,Bologna,Ingegneria e architettura,Laurea,3,False,,,Italiano,numero chiuso
9199,2018/2019,True,Ingegneria edile,http://www.unibo.it/it/didattica/corsi-di-studio/corso/2018/9199,Ravenna,Ravenna,Ingegneria e architettura,Laurea,3,False,,,Italiano,numero chiuso
9200,2018/2019,True,Sviluppo locale e globale,http://www.unibo.it/it/didattica/corsi-di-studio/corso/2018/9200,Bologna,Bologna,Scienze politiche,Laurea Magistrale,2,False,,,Italiano,numero chiuso
9201,2018/2019,True,Ostetricia (abilitante alla professione sanitaria di ostetrica,http://www.unibo.it/it/didattica/corsi-di-studio/corso/2018/9201,Bologna,Bologna,Medicina e Chirurgia,Laurea,3,False,,,Italiano,numero chiuso
9202,2018/2019,True,Economia e commercio,http://www.unibo.it/it/didattica/corsi-di-studio/corso/2018/9202,ForlÃ¬,ForlÃ¬,Economia e management,Laurea,3,True,,Erogato in lingua straniera (solo alcuni curricula),Italiano Inglese,numero chiuso
9203,2018/2019,True,Economia e management,http://www.unibo.it/it/didattica/corsi-di-studio/corso/2018/9203,ForlÃ¬,ForlÃ¬,Economia e management,Laurea Magistrale,2,True,Titolo multiplo,Erogato in lingua straniera (solo alcuni curricula),Italiano Inglese,numero chiuso
9205,2018/2019,True,Telecommunications engineering,http://www.unibo.it/it/didattica/corsi-di-studio/corso/2018/9205,Bologna,Bologna,Ingegneria e architettura,Laurea Magistrale,2,True,Titolo multiplo,Erogato in lingua straniera,Inglese,libero accesso con verifica dell'adeguatezza della preparazione
9206,2018/2019,True,Pedagogia,http://www.unibo.it/it/didattica/corsi-di-studio/corso/2018/9206,Bologna,Bologna,Scienze dellâ€™educazione e della formazione,Laurea Magistrale,2,False,,,Italiano,numero chiuso
9210,2018/2019,True,Medicine and surgery,http://www.unibo.it/it/didattica/corsi-di-studio/corso/2018/9210,Bologna,Bologna,Medicina e Chirurgia,Laurea Magistrale a ciclo unico,6,True,,Erogato in lingua straniera,Inglese,numero chiuso
9211,2018/2019,True,Genomics,http://www.unibo.it/it/didattica/corsi-di-studio/corso/2018/9211,Bologna,Bologna,Farmacia e biotecnologie,Laurea,3,True,,Erogato in lingua straniera,Inglese,numero chiuso
9212,2018/2019,True,Biologia della salute,http://www.unibo.it/it/didattica/corsi-di-studio/corso/2018/9212,Bologna,Bologna,Farmacia e biotecnologie,Laurea Magistrale,2,False,,,Italiano,libero accesso con verifica dell'adeguatezza della preparazione
9213,2018/2019,True,Biotecnologie molecolari e industriali,http://www.unibo.it/it/didattica/corsi-di-studio/corso/2018/9213,Bologna,Bologna,Farmacia e biotecnologie,Laurea Magistrale,2,False,,,Italiano,libero accesso con verifica dell'adeguatezza della preparazione
9214,2018/2019,True,Management delle attivitÃ  motorie e sportive,http://www.unibo.it/it/didattica/corsi-di-studio/corso/2018/9214,Bologna,Bologna,Scienze motorie,Laurea Magistrale,2,False,,,Italiano,libero accesso con verifica dell'adeguatezza della preparazione
9215,2018/2019,True,Scienze e tecniche dell'attivita' motoria preventiva e adattata,http://www.unibo.it/it/didattica/corsi-di-studio/corso/2018/9215,Rimini,Rimini,Scienze motorie,Laurea Magistrale,2,False,,,Italiano,libero accesso con verifica dell'adeguatezza della preparazione
9216,2018/2019,True,Filosofia,http://www.unibo.it/it/didattica/corsi-di-studio/corso/2018/9216,Bologna,Bologna,Studi umanistici,Laurea,3,False,,,Italiano,libero accesso con verifica delle conoscenze
9217,2018/2019,True,Ingegneria dellâ€™automazione,http://www.unibo.it/it/didattica/corsi-di-studio/corso/2018/9217,Bologna,Bologna,Ingegneria e architettura,Laurea,3,True,Titolo multiplo (solo alcuni curricula),,Italiano,numero chiuso
9218,2018/2019,True,"Beni archeologici, artistici e del paesaggio: storia, tutela e valorizzazione",http://www.unibo.it/it/didattica/corsi-di-studio/corso/2018/9218,Ravenna,Ravenna,Studi umanistici,Laurea Magistrale,2,False,,,Italiano,libero accesso con verifica dell'adeguatezza della preparazione
9219,2018/2019,True,Farmacia,http://www.unibo.it/it/didattica/corsi-di-studio/corso/2018/9219,Bologna,Bologna,Farmacia e biotecnologie,Laurea Magistrale a ciclo unico,5,False,,,Italiano,numero chiuso
9220,2018/2019,True,"Italianistica, culture letterarie europee, scienze linguistiche",http://www.unibo.it/it/didattica/corsi-di-studio/corso/2018/9220,Bologna,Bologna,Studi umanistici,Laurea Magistrale,2,True,Titolo multiplo (solo alcuni curricula),Erogato in lingua straniera (solo alcuni curricula),Italiano Inglese,libero accesso con verifica dell'adeguatezza della preparazione
9221,2018/2019,True,Economia e diritto,http://www.unibo.it/it/didattica/corsi-di-studio/corso/2018/9221,Bologna,Bologna,Economia e management,Laurea Magistrale,2,True,,Erogato in lingua straniera (solo alcuni curricula),Italiano Inglese,numero chiuso
9222,2018/2019,True,Statistical sciences,http://www.unibo.it/it/didattica/corsi-di-studio/corso/2018/9222,Bologna,Bologna,Scienze Statistiche,Laurea Magistrale,2,True,,Erogato in lingua straniera,Inglese,libero accesso con verifica dell'adeguatezza della preparazione
9223,2018/2019,True,Farmacia,http://www.unibo.it/it/didattica/corsi-di-studio/corso/2018/9223,Rimini,Rimini,Farmacia e biotecnologie,Laurea Magistrale a ciclo unico,5,False,,,Italiano,numero chiuso
9224,2018/2019,True,Digital humanities and digital knowledge,http://www.unibo.it/it/didattica/corsi-di-studio/corso/2018/9224,Bologna,Bologna,Studi umanistici,Laurea Magistrale,2,True,,Erogato in lingua straniera,Inglese,libero accesso con verifica dell'adeguatezza della preparazione
9225,2018/2019,True,Advanced cosmetic sciences,http://www.unibo.it/it/didattica/corsi-di-studio/corso/2018/9225,Rimini,Rimini,Scienze,Laurea Magistrale,2,True,,Erogato in lingua straniera,Inglese,libero accesso con verifica dell'adeguatezza della preparazione
9226,2018/2019,True,International politics and markets,http://www.unibo.it/it/didattica/corsi-di-studio/corso/2018/9226,ForlÃ¬,ForlÃ¬,Scienze politiche,Laurea Magistrale,2,True,,Erogato in lingua straniera,Inglese,numero chiuso
9227,2018/2019,True,"Wellness culture: sport, health and tourism",http://www.unibo.it/it/didattica/corsi-di-studio/corso/2018/9227,Rimini,Rimini,Scienze motorie,Laurea Magistrale,2,True,,Erogato in lingua straniera,Inglese,libero accesso con verifica dell'adeguatezza della preparazione
9228,2018/2019,True,Progettazione e gestione dell'intervento educativo nel disagio sociale,http://www.unibo.it/it/didattica/corsi-di-studio/corso/2018/9228,Bologna,Bologna,Scienze dellâ€™educazione e della formazione,Laurea Magistrale,2,False,,,Italiano,numero chiuso
9229,2018/2019,True,Progettazione e gestione dell'intervento educativo nel disagio sociale,http://www.unibo.it/it/didattica/corsi-di-studio/corso/2018/9229,Rimini,Rimini,Scienze dellâ€™educazione e della formazione,Laurea Magistrale,2,False,,,Italiano,numero chiuso
9230,2018/2019,True,Consulente del lavoro e delle relazioni aziendali,http://www.unibo.it/it/didattica/corsi-di-studio/corso/2018/9230,Bologna,Bologna,Giurisprudenza,Laurea,3,False,,,Italiano,libero accesso con verifica delle conoscenze
9231,2018/2019,False,Giurista per le imprese e per la pubblica amministrazione,http://www.unibo.it/it/didattica/corsi-di-studio/corso/2018/9231,Ravenna,Ravenna,Giurisprudenza,Laurea,3,False,,,Italiano,libero accesso con verifica delle conoscenze
9232,2018/2019,True,Giurisprudenza,http://www.unibo.it/it/didattica/corsi-di-studio/corso/2018/9232,Bologna,Bologna,Giurisprudenza,Laurea Magistrale a ciclo unico,5,True,Titolo multiplo,,Italiano,libero accesso con verifica delle conoscenze
9233,2018/2019,True,Giurisprudenza,http://www.unibo.it/it/didattica/corsi-di-studio/corso/2018/9233,Ravenna,Ravenna,Giurisprudenza,Laurea Magistrale a ciclo unico,5,True,Titolo multiplo,,Italiano,libero accesso con verifica delle conoscenze
9234,2018/2019,True,Ingegneria aerospaziale,http://www.unibo.it/it/didattica/corsi-di-studio/corso/2018/9234,ForlÃ¬,ForlÃ¬,Ingegneria e architettura,Laurea,3,False,,,Italiano,numero chiuso
9235,2018/2019,True,Scienze e tecnologie agrarie,http://www.unibo.it/it/didattica/corsi-di-studio/corso/2018/9235,Bologna,Bologna,Scienze agro-alimentari,Laurea Magistrale,2,False,,,Italiano,libero accesso con verifica dell'adeguatezza della preparazione
9236,2018/2019,True,"Work, organizational and personnel psychology",http://www.unibo.it/it/didattica/corsi-di-studio/corso/2018/9236,Cesena,Cesena,Psicologia,Laurea Magistrale,2,True,Titolo congiunto,Erogato in lingua straniera,Inglese,libero accesso con verifica dell'adeguatezza della preparazione
9237,2018/2019,True,International cooperation on human rights and intercultural heritage,http://www.unibo.it/it/didattica/corsi-di-studio/corso/2018/9237,Ravenna,Ravenna,"Studi umanistici, Scienze politiche",Laurea Magistrale,2,True,,Erogato in lingua straniera,Inglese,libero accesso con verifica dell'adeguatezza della preparazione
9238,2018/2019,True,Advanced automotive electronic engineering,http://www.unibo.it/it/didattica/corsi-di-studio/corso/2018/9238,Bologna,Bologna,Ingegneria e architettura,Laurea Magistrale,2,True,Titolo congiunto,Erogato in lingua straniera,Inglese,numero chiuso
9239,2018/2019,True,Advanced automotive engineering,http://www.unibo.it/it/didattica/corsi-di-studio/corso/2018/9239,Bologna,,Ingegneria e architettura,Laurea Magistrale,2,True,Titolo congiunto,Erogato in lingua straniera,Inglese,numero chiuso
9242,2018/2019,True,Giurista per le imprese e per la pubblica amministrazione,http://www.unibo.it/it/didattica/corsi-di-studio/corso/2018/9242,Ravenna,Ravenna,Giurisprudenza,Laurea,3,False,,,,libero accesso con verifica delle conoscenze
9243,2018/2019,True,Ingegneria biomedica,http://www.unibo.it/it/didattica/corsi-di-studio/corso/2018/9243,Cesena,Cesena,Ingegneria e architettura,Laurea Magistrale,2,False,,,Italiano,libero accesso con verifica dell'adeguatezza della preparazione
9244,2018/2019,True,Fisica,http://www.unibo.it/it/didattica/corsi-di-studio/corso/2018/9244,Bologna,Bologna,Scienze,Laurea,3,False,,,Italiano,numero chiuso
9245,2018/2019,True,Physics,http://www.unibo.it/it/didattica/corsi-di-studio/corso/2018/9245,Bologna,Bologna,Scienze,Laurea Magistrale,2,True,,Erogato in lingua straniera (solo alcuni curricula),Italiano Inglese,libero accesso con verifica dell'adeguatezza della preparazione
9246,2018/2019,True,Low carbon technologies and sustainable chemistry,http://www.unibo.it/it/didattica/corsi-di-studio/corso/2018/9246,Bologna,Bologna,Scienze,Laurea Magistrale,2,True,,Erogato in lingua straniera,Inglese,libero accesso con verifica dell'adeguatezza della preparazione
9247,2018/2019,True,Scienze internazionali e diplomatiche,http://www.unibo.it/it/didattica/corsi-di-studio/corso/2018/9247,ForlÃ¬,ForlÃ¬,Scienze politiche,Laurea Magistrale,2,False,,,Italiano,numero chiuso
9249,2018/2019,True,Offshore engineering,http://www.unibo.it/it/didattica/corsi-di-studio/corso/2018/9249,Ravenna,Ravenna,Ingegneria e architettura,Laurea Magistrale,2,True,,Erogato in lingua straniera,Inglese,libero accesso con verifica dell'adeguatezza della preparazione
9250,2018/2019,True,Ingegneria meccatronica,http://www.unibo.it/it/didattica/corsi-di-studio/corso/2018/9250,Bologna,Bologna,Ingegneria e architettura,Laurea,3,False,,,Italiano,numero chiuso
9254,2018/2019,True,Ingegneria informatica,http://www.unibo.it/it/didattica/corsi-di-studio/corso/2018/9254,Bologna,Bologna,Ingegneria e architettura,Laurea,3,False,,,Italiano,numero chiuso
9255,2018/2019,True,Ingegneria dell'energia elettrica,http://www.unibo.it/it/didattica/corsi-di-studio/corso/2018/9255,Bologna,Bologna,Ingegneria e architettura,Laurea,3,False,,,Italiano,numero chiuso
9256,2018/2019,True,Advanced design,http://www.unibo.it/it/didattica/corsi-di-studio/corso/2018/9256,Bologna,Bologna,Ingegneria e architettura,Laurea Magistrale,2,False,,,Italiano,libero accesso con verifica dell'adeguatezza della preparazione
9257,2018/2019,True,Scienze e gestione della natura,http://www.unibo.it/it/didattica/corsi-di-studio/corso/2018/9257,Bologna,Bologna,Scienze,Laurea Magistrale,2,True,,Erogato in lingua straniera (solo alcuni curricula),Italiano Inglese,libero accesso con verifica dell'adeguatezza della preparazione
